filepath,label
/MATLAB Drive/pcg-vhd-matlab/data/scalograms/AS/New_AS_073.png,AS
/MATLAB Drive/pcg-vhd-matlab/data/scalograms/AS/New_AS_129.png,AS
/MATLAB Drive/pcg-vhd-matlab/data/scalograms/AS/New_AS_172.png,AS
/MATLAB Drive/pcg-vhd-matlab/data/scalograms/AS/New_AS_011.png,AS
/MATLAB Drive/pcg-vhd-matlab/data/scalograms/AS/New_AS_099.png,AS
/MATLAB Drive/pcg-vhd-matlab/data/scalograms/AS/New_AS_101.png,AS
/MATLAB Drive/pcg-vhd-matlab/data/scalograms/AS/New_AS_043.png,AS
/MATLAB Drive/pcg-vhd-matlab/data/scalograms/AS/New_AS_146.png,AS
/MATLAB Drive/pcg-vhd-matlab/data/scalograms/AS/New_AS_169.png,AS
/MATLAB Drive/pcg-vhd-matlab/data/scalograms/AS/New_AS_059.png,AS
/MATLAB Drive/pcg-vhd-matlab/data/scalograms/AS/New_AS_030.png,AS
/MATLAB Drive/pcg-vhd-matlab/data/scalograms/AS/New_AS_149.png,AS
/MATLAB Drive/pcg-vhd-matlab/data/scalograms/AS/New_AS_007.png,AS
/MATLAB Drive/pcg-vhd-matlab/data/scalograms/AS/New_AS_084.png,AS
/MATLAB Drive/pcg-vhd-matlab/data/scalograms/AS/New_AS_033.png,AS
/MATLAB Drive/pcg-vhd-matlab/data/scalograms/AS/New_AS_078.png,AS
/MATLAB Drive/pcg-vhd-matlab/data/scalograms/AS/New_AS_069.png,AS
/MATLAB Drive/pcg-vhd-matlab/data/scalograms/AS/New_AS_110.png,AS
/MATLAB Drive/pcg-vhd-matlab/data/scalograms/AS/New_AS_057.png,AS
/MATLAB Drive/pcg-vhd-matlab/data/scalograms/AS/New_AS_165.png,AS
/MATLAB Drive/pcg-vhd-matlab/data/scalograms/AS/New_AS_191.png,AS
/MATLAB Drive/pcg-vhd-matlab/data/scalograms/AS/New_AS_038.png,AS
/MATLAB Drive/pcg-vhd-matlab/data/scalograms/AS/New_AS_100.png,AS
/MATLAB Drive/pcg-vhd-matlab/data/scalograms/AS/New_AS_124.png,AS
/MATLAB Drive/pcg-vhd-matlab/data/scalograms/AS/New_AS_182.png,AS
/MATLAB Drive/pcg-vhd-matlab/data/scalograms/AS/New_AS_080.png,AS
/MATLAB Drive/pcg-vhd-matlab/data/scalograms/AS/New_AS_091.png,AS
/MATLAB Drive/pcg-vhd-matlab/data/scalograms/AS/New_AS_133.png,AS
/MATLAB Drive/pcg-vhd-matlab/data/scalograms/AS/New_AS_041.png,AS
/MATLAB Drive/pcg-vhd-matlab/data/scalograms/AS/New_AS_180.png,AS
/MATLAB Drive/pcg-vhd-matlab/data/scalograms/AS/New_AS_022.png,AS
/MATLAB Drive/pcg-vhd-matlab/data/scalograms/AS/New_AS_067.png,AS
/MATLAB Drive/pcg-vhd-matlab/data/scalograms/AS/New_AS_153.png,AS
/MATLAB Drive/pcg-vhd-matlab/data/scalograms/AS/New_AS_006.png,AS
/MATLAB Drive/pcg-vhd-matlab/data/scalograms/AS/New_AS_005.png,AS
/MATLAB Drive/pcg-vhd-matlab/data/scalograms/AS/New_AS_112.png,AS
/MATLAB Drive/pcg-vhd-matlab/data/scalograms/AS/New_AS_032.png,AS
/MATLAB Drive/pcg-vhd-matlab/data/scalograms/AS/New_AS_176.png,AS
/MATLAB Drive/pcg-vhd-matlab/data/scalograms/AS/New_AS_015.png,AS
/MATLAB Drive/pcg-vhd-matlab/data/scalograms/AS/New_AS_016.png,AS
/MATLAB Drive/pcg-vhd-matlab/data/scalograms/AS/New_AS_050.png,AS
/MATLAB Drive/pcg-vhd-matlab/data/scalograms/AS/New_AS_168.png,AS
/MATLAB Drive/pcg-vhd-matlab/data/scalograms/AS/New_AS_118.png,AS
/MATLAB Drive/pcg-vhd-matlab/data/scalograms/AS/New_AS_058.png,AS
/MATLAB Drive/pcg-vhd-matlab/data/scalograms/AS/New_AS_072.png,AS
/MATLAB Drive/pcg-vhd-matlab/data/scalograms/AS/New_AS_027.png,AS
/MATLAB Drive/pcg-vhd-matlab/data/scalograms/AS/New_AS_014.png,AS
/MATLAB Drive/pcg-vhd-matlab/data/scalograms/AS/New_AS_132.png,AS
/MATLAB Drive/pcg-vhd-matlab/data/scalograms/AS/New_AS_174.png,AS
/MATLAB Drive/pcg-vhd-matlab/data/scalograms/AS/New_AS_125.png,AS
/MATLAB Drive/pcg-vhd-matlab/data/scalograms/AS/New_AS_109.png,AS
/MATLAB Drive/pcg-vhd-matlab/data/scalograms/AS/New_AS_159.png,AS
/MATLAB Drive/pcg-vhd-matlab/data/scalograms/AS/New_AS_152.png,AS
/MATLAB Drive/pcg-vhd-matlab/data/scalograms/AS/New_AS_190.png,AS
/MATLAB Drive/pcg-vhd-matlab/data/scalograms/AS/New_AS_156.png,AS
/MATLAB Drive/pcg-vhd-matlab/data/scalograms/AS/New_AS_106.png,AS
/MATLAB Drive/pcg-vhd-matlab/data/scalograms/AS/New_AS_142.png,AS
/MATLAB Drive/pcg-vhd-matlab/data/scalograms/AS/New_AS_185.png,AS
/MATLAB Drive/pcg-vhd-matlab/data/scalograms/AS/New_AS_045.png,AS
/MATLAB Drive/pcg-vhd-matlab/data/scalograms/AS/New_AS_062.png,AS
/MATLAB Drive/pcg-vhd-matlab/data/scalograms/AS/New_AS_150.png,AS
/MATLAB Drive/pcg-vhd-matlab/data/scalograms/AS/New_AS_065.png,AS
/MATLAB Drive/pcg-vhd-matlab/data/scalograms/AS/New_AS_145.png,AS
/MATLAB Drive/pcg-vhd-matlab/data/scalograms/AS/New_AS_111.png,AS
/MATLAB Drive/pcg-vhd-matlab/data/scalograms/AS/New_AS_020.png,AS
/MATLAB Drive/pcg-vhd-matlab/data/scalograms/AS/New_AS_023.png,AS
/MATLAB Drive/pcg-vhd-matlab/data/scalograms/AS/New_AS_144.png,AS
/MATLAB Drive/pcg-vhd-matlab/data/scalograms/AS/New_AS_017.png,AS
/MATLAB Drive/pcg-vhd-matlab/data/scalograms/AS/New_AS_037.png,AS
/MATLAB Drive/pcg-vhd-matlab/data/scalograms/AS/New_AS_085.png,AS
/MATLAB Drive/pcg-vhd-matlab/data/scalograms/AS/New_AS_047.png,AS
/MATLAB Drive/pcg-vhd-matlab/data/scalograms/AS/New_AS_103.png,AS
/MATLAB Drive/pcg-vhd-matlab/data/scalograms/AS/New_AS_123.png,AS
/MATLAB Drive/pcg-vhd-matlab/data/scalograms/AS/New_AS_167.png,AS
/MATLAB Drive/pcg-vhd-matlab/data/scalograms/AS/New_AS_136.png,AS
/MATLAB Drive/pcg-vhd-matlab/data/scalograms/AS/New_AS_086.png,AS
/MATLAB Drive/pcg-vhd-matlab/data/scalograms/AS/New_AS_060.png,AS
/MATLAB Drive/pcg-vhd-matlab/data/scalograms/AS/New_AS_083.png,AS
/MATLAB Drive/pcg-vhd-matlab/data/scalograms/AS/New_AS_134.png,AS
/MATLAB Drive/pcg-vhd-matlab/data/scalograms/AS/New_AS_195.png,AS
/MATLAB Drive/pcg-vhd-matlab/data/scalograms/AS/New_AS_181.png,AS
/MATLAB Drive/pcg-vhd-matlab/data/scalograms/AS/New_AS_196.png,AS
/MATLAB Drive/pcg-vhd-matlab/data/scalograms/AS/New_AS_064.png,AS
/MATLAB Drive/pcg-vhd-matlab/data/scalograms/AS/New_AS_079.png,AS
/MATLAB Drive/pcg-vhd-matlab/data/scalograms/AS/New_AS_139.png,AS
/MATLAB Drive/pcg-vhd-matlab/data/scalograms/AS/New_AS_024.png,AS
/MATLAB Drive/pcg-vhd-matlab/data/scalograms/AS/New_AS_161.png,AS
/MATLAB Drive/pcg-vhd-matlab/data/scalograms/AS/New_AS_001.png,AS
/MATLAB Drive/pcg-vhd-matlab/data/scalograms/AS/New_AS_178.png,AS
/MATLAB Drive/pcg-vhd-matlab/data/scalograms/AS/New_AS_061.png,AS
/MATLAB Drive/pcg-vhd-matlab/data/scalograms/AS/New_AS_107.png,AS
/MATLAB Drive/pcg-vhd-matlab/data/scalograms/AS/New_AS_131.png,AS
/MATLAB Drive/pcg-vhd-matlab/data/scalograms/AS/New_AS_126.png,AS
/MATLAB Drive/pcg-vhd-matlab/data/scalograms/AS/New_AS_098.png,AS
/MATLAB Drive/pcg-vhd-matlab/data/scalograms/AS/New_AS_019.png,AS
/MATLAB Drive/pcg-vhd-matlab/data/scalograms/AS/New_AS_040.png,AS
/MATLAB Drive/pcg-vhd-matlab/data/scalograms/AS/New_AS_025.png,AS
/MATLAB Drive/pcg-vhd-matlab/data/scalograms/AS/New_AS_090.png,AS
/MATLAB Drive/pcg-vhd-matlab/data/scalograms/AS/New_AS_154.png,AS
/MATLAB Drive/pcg-vhd-matlab/data/scalograms/AS/New_AS_096.png,AS
/MATLAB Drive/pcg-vhd-matlab/data/scalograms/AS/New_AS_042.png,AS
/MATLAB Drive/pcg-vhd-matlab/data/scalograms/AS/New_AS_143.png,AS
/MATLAB Drive/pcg-vhd-matlab/data/scalograms/AS/New_AS_148.png,AS
/MATLAB Drive/pcg-vhd-matlab/data/scalograms/AS/New_AS_104.png,AS
/MATLAB Drive/pcg-vhd-matlab/data/scalograms/AS/New_AS_130.png,AS
/MATLAB Drive/pcg-vhd-matlab/data/scalograms/AS/New_AS_173.png,AS
/MATLAB Drive/pcg-vhd-matlab/data/scalograms/AS/New_AS_028.png,AS
/MATLAB Drive/pcg-vhd-matlab/data/scalograms/AS/New_AS_137.png,AS
/MATLAB Drive/pcg-vhd-matlab/data/scalograms/AS/New_AS_048.png,AS
/MATLAB Drive/pcg-vhd-matlab/data/scalograms/AS/New_AS_097.png,AS
/MATLAB Drive/pcg-vhd-matlab/data/scalograms/AS/New_AS_018.png,AS
/MATLAB Drive/pcg-vhd-matlab/data/scalograms/AS/New_AS_189.png,AS
/MATLAB Drive/pcg-vhd-matlab/data/scalograms/AS/New_AS_164.png,AS
/MATLAB Drive/pcg-vhd-matlab/data/scalograms/AS/New_AS_120.png,AS
/MATLAB Drive/pcg-vhd-matlab/data/scalograms/AS/New_AS_066.png,AS
/MATLAB Drive/pcg-vhd-matlab/data/scalograms/AS/New_AS_049.png,AS
/MATLAB Drive/pcg-vhd-matlab/data/scalograms/AS/New_AS_188.png,AS
/MATLAB Drive/pcg-vhd-matlab/data/scalograms/AS/New_AS_094.png,AS
/MATLAB Drive/pcg-vhd-matlab/data/scalograms/AS/New_AS_170.png,AS
/MATLAB Drive/pcg-vhd-matlab/data/scalograms/AS/New_AS_029.png,AS
/MATLAB Drive/pcg-vhd-matlab/data/scalograms/AS/New_AS_055.png,AS
/MATLAB Drive/pcg-vhd-matlab/data/scalograms/AS/New_AS_004.png,AS
/MATLAB Drive/pcg-vhd-matlab/data/scalograms/AS/New_AS_009.png,AS
/MATLAB Drive/pcg-vhd-matlab/data/scalograms/AS/New_AS_031.png,AS
/MATLAB Drive/pcg-vhd-matlab/data/scalograms/AS/New_AS_147.png,AS
/MATLAB Drive/pcg-vhd-matlab/data/scalograms/AS/New_AS_021.png,AS
/MATLAB Drive/pcg-vhd-matlab/data/scalograms/AS/New_AS_082.png,AS
/MATLAB Drive/pcg-vhd-matlab/data/scalograms/AS/New_AS_162.png,AS
/MATLAB Drive/pcg-vhd-matlab/data/scalograms/AS/New_AS_194.png,AS
/MATLAB Drive/pcg-vhd-matlab/data/scalograms/AS/New_AS_115.png,AS
/MATLAB Drive/pcg-vhd-matlab/data/scalograms/AS/New_AS_163.png,AS
/MATLAB Drive/pcg-vhd-matlab/data/scalograms/AS/New_AS_102.png,AS
/MATLAB Drive/pcg-vhd-matlab/data/scalograms/AS/New_AS_088.png,AS
/MATLAB Drive/pcg-vhd-matlab/data/scalograms/AS/New_AS_175.png,AS
/MATLAB Drive/pcg-vhd-matlab/data/scalograms/AS/New_AS_186.png,AS
/MATLAB Drive/pcg-vhd-matlab/data/scalograms/AS/New_AS_046.png,AS
/MATLAB Drive/pcg-vhd-matlab/data/scalograms/AS/New_AS_157.png,AS
/MATLAB Drive/pcg-vhd-matlab/data/scalograms/AS/New_AS_171.png,AS
/MATLAB Drive/pcg-vhd-matlab/data/scalograms/AS/New_AS_039.png,AS
/MATLAB Drive/pcg-vhd-matlab/data/scalograms/AS/New_AS_177.png,AS
/MATLAB Drive/pcg-vhd-matlab/data/scalograms/AS/New_AS_138.png,AS
/MATLAB Drive/pcg-vhd-matlab/data/scalograms/AS/New_AS_075.png,AS
/MATLAB Drive/pcg-vhd-matlab/data/scalograms/AS/New_AS_010.png,AS
/MATLAB Drive/pcg-vhd-matlab/data/scalograms/AS/New_AS_092.png,AS
/MATLAB Drive/pcg-vhd-matlab/data/scalograms/AS/New_AS_197.png,AS
/MATLAB Drive/pcg-vhd-matlab/data/scalograms/AS/New_AS_160.png,AS
/MATLAB Drive/pcg-vhd-matlab/data/scalograms/AS/New_AS_076.png,AS
/MATLAB Drive/pcg-vhd-matlab/data/scalograms/AS/New_AS_087.png,AS
/MATLAB Drive/pcg-vhd-matlab/data/scalograms/AS/New_AS_003.png,AS
/MATLAB Drive/pcg-vhd-matlab/data/scalograms/AS/New_AS_108.png,AS
/MATLAB Drive/pcg-vhd-matlab/data/scalograms/MR/New_MR_009.png,MR
/MATLAB Drive/pcg-vhd-matlab/data/scalograms/MR/New_MR_006.png,MR
/MATLAB Drive/pcg-vhd-matlab/data/scalograms/MR/New_MR_133.png,MR
/MATLAB Drive/pcg-vhd-matlab/data/scalograms/MR/New_MR_045.png,MR
/MATLAB Drive/pcg-vhd-matlab/data/scalograms/MR/New_MR_172.png,MR
/MATLAB Drive/pcg-vhd-matlab/data/scalograms/MR/New_MR_178.png,MR
/MATLAB Drive/pcg-vhd-matlab/data/scalograms/MR/New_MR_038.png,MR
/MATLAB Drive/pcg-vhd-matlab/data/scalograms/MR/New_MR_113.png,MR
/MATLAB Drive/pcg-vhd-matlab/data/scalograms/MR/New_MR_157.png,MR
/MATLAB Drive/pcg-vhd-matlab/data/scalograms/MR/New_MR_091.png,MR
/MATLAB Drive/pcg-vhd-matlab/data/scalograms/MR/New_MR_086.png,MR
/MATLAB Drive/pcg-vhd-matlab/data/scalograms/MR/New_MR_092.png,MR
/MATLAB Drive/pcg-vhd-matlab/data/scalograms/MR/New_MR_136.png,MR
/MATLAB Drive/pcg-vhd-matlab/data/scalograms/MR/New_MR_148.png,MR
/MATLAB Drive/pcg-vhd-matlab/data/scalograms/MR/New_MR_135.png,MR
/MATLAB Drive/pcg-vhd-matlab/data/scalograms/MR/New_MR_101.png,MR
/MATLAB Drive/pcg-vhd-matlab/data/scalograms/MR/New_MR_170.png,MR
/MATLAB Drive/pcg-vhd-matlab/data/scalograms/MR/New_MR_155.png,MR
/MATLAB Drive/pcg-vhd-matlab/data/scalograms/MR/New_MR_175.png,MR
/MATLAB Drive/pcg-vhd-matlab/data/scalograms/MR/New_MR_112.png,MR
/MATLAB Drive/pcg-vhd-matlab/data/scalograms/MR/New_MR_002.png,MR
/MATLAB Drive/pcg-vhd-matlab/data/scalograms/MR/New_MR_100.png,MR
/MATLAB Drive/pcg-vhd-matlab/data/scalograms/MR/New_MR_023.png,MR
/MATLAB Drive/pcg-vhd-matlab/data/scalograms/MR/New_MR_084.png,MR
/MATLAB Drive/pcg-vhd-matlab/data/scalograms/MR/New_MR_173.png,MR
/MATLAB Drive/pcg-vhd-matlab/data/scalograms/MR/New_MR_060.png,MR
/MATLAB Drive/pcg-vhd-matlab/data/scalograms/MR/New_MR_140.png,MR
/MATLAB Drive/pcg-vhd-matlab/data/scalograms/MR/New_MR_171.png,MR
/MATLAB Drive/pcg-vhd-matlab/data/scalograms/MR/New_MR_007.png,MR
/MATLAB Drive/pcg-vhd-matlab/data/scalograms/MR/New_MR_134.png,MR
/MATLAB Drive/pcg-vhd-matlab/data/scalograms/MR/New_MR_181.png,MR
/MATLAB Drive/pcg-vhd-matlab/data/scalograms/MR/New_MR_095.png,MR
/MATLAB Drive/pcg-vhd-matlab/data/scalograms/MR/New_MR_063.png,MR
/MATLAB Drive/pcg-vhd-matlab/data/scalograms/MR/New_MR_119.png,MR
/MATLAB Drive/pcg-vhd-matlab/data/scalograms/MR/New_MR_010.png,MR
/MATLAB Drive/pcg-vhd-matlab/data/scalograms/MR/New_MR_003.png,MR
/MATLAB Drive/pcg-vhd-matlab/data/scalograms/MR/New_MR_154.png,MR
/MATLAB Drive/pcg-vhd-matlab/data/scalograms/MR/New_MR_055.png,MR
/MATLAB Drive/pcg-vhd-matlab/data/scalograms/MR/New_MR_143.png,MR
/MATLAB Drive/pcg-vhd-matlab/data/scalograms/MR/New_MR_118.png,MR
/MATLAB Drive/pcg-vhd-matlab/data/scalograms/MR/New_MR_040.png,MR
/MATLAB Drive/pcg-vhd-matlab/data/scalograms/MR/New_MR_188.png,MR
/MATLAB Drive/pcg-vhd-matlab/data/scalograms/MR/New_MR_035.png,MR
/MATLAB Drive/pcg-vhd-matlab/data/scalograms/MR/New_MR_169.png,MR
/MATLAB Drive/pcg-vhd-matlab/data/scalograms/MR/New_MR_098.png,MR
/MATLAB Drive/pcg-vhd-matlab/data/scalograms/MR/New_MR_014.png,MR
/MATLAB Drive/pcg-vhd-matlab/data/scalograms/MR/New_MR_016.png,MR
/MATLAB Drive/pcg-vhd-matlab/data/scalograms/MR/New_MR_026.png,MR
/MATLAB Drive/pcg-vhd-matlab/data/scalograms/MR/New_MR_130.png,MR
/MATLAB Drive/pcg-vhd-matlab/data/scalograms/MR/New_MR_120.png,MR
/MATLAB Drive/pcg-vhd-matlab/data/scalograms/MR/New_MR_025.png,MR
/MATLAB Drive/pcg-vhd-matlab/data/scalograms/MR/New_MR_110.png,MR
/MATLAB Drive/pcg-vhd-matlab/data/scalograms/MR/New_MR_124.png,MR
/MATLAB Drive/pcg-vhd-matlab/data/scalograms/MR/New_MR_037.png,MR
/MATLAB Drive/pcg-vhd-matlab/data/scalograms/MR/New_MR_180.png,MR
/MATLAB Drive/pcg-vhd-matlab/data/scalograms/MR/New_MR_187.png,MR
/MATLAB Drive/pcg-vhd-matlab/data/scalograms/MR/New_MR_089.png,MR
/MATLAB Drive/pcg-vhd-matlab/data/scalograms/MR/New_MR_070.png,MR
/MATLAB Drive/pcg-vhd-matlab/data/scalograms/MR/New_MR_051.png,MR
/MATLAB Drive/pcg-vhd-matlab/data/scalograms/MR/New_MR_054.png,MR
/MATLAB Drive/pcg-vhd-matlab/data/scalograms/MR/New_MR_176.png,MR
/MATLAB Drive/pcg-vhd-matlab/data/scalograms/MR/New_MR_108.png,MR
/MATLAB Drive/pcg-vhd-matlab/data/scalograms/MR/New_MR_017.png,MR
/MATLAB Drive/pcg-vhd-matlab/data/scalograms/MR/New_MR_082.png,MR
/MATLAB Drive/pcg-vhd-matlab/data/scalograms/MR/New_MR_195.png,MR
/MATLAB Drive/pcg-vhd-matlab/data/scalograms/MR/New_MR_131.png,MR
/MATLAB Drive/pcg-vhd-matlab/data/scalograms/MR/New_MR_069.png,MR
/MATLAB Drive/pcg-vhd-matlab/data/scalograms/MR/New_MR_094.png,MR
/MATLAB Drive/pcg-vhd-matlab/data/scalograms/MR/New_MR_024.png,MR
/MATLAB Drive/pcg-vhd-matlab/data/scalograms/MR/New_MR_044.png,MR
/MATLAB Drive/pcg-vhd-matlab/data/scalograms/MR/New_MR_193.png,MR
/MATLAB Drive/pcg-vhd-matlab/data/scalograms/MR/New_MR_149.png,MR
/MATLAB Drive/pcg-vhd-matlab/data/scalograms/MR/New_MR_083.png,MR
/MATLAB Drive/pcg-vhd-matlab/data/scalograms/MR/New_MR_052.png,MR
/MATLAB Drive/pcg-vhd-matlab/data/scalograms/MR/New_MR_166.png,MR
/MATLAB Drive/pcg-vhd-matlab/data/scalograms/MR/New_MR_161.png,MR
/MATLAB Drive/pcg-vhd-matlab/data/scalograms/MR/New_MR_028.png,MR
/MATLAB Drive/pcg-vhd-matlab/data/scalograms/MR/New_MR_145.png,MR
/MATLAB Drive/pcg-vhd-matlab/data/scalograms/MR/New_MR_117.png,MR
/MATLAB Drive/pcg-vhd-matlab/data/scalograms/MR/New_MR_192.png,MR
/MATLAB Drive/pcg-vhd-matlab/data/scalograms/MR/New_MR_129.png,MR
/MATLAB Drive/pcg-vhd-matlab/data/scalograms/MR/New_MR_047.png,MR
/MATLAB Drive/pcg-vhd-matlab/data/scalograms/MR/New_MR_198.png,MR
/MATLAB Drive/pcg-vhd-matlab/data/scalograms/MR/New_MR_144.png,MR
/MATLAB Drive/pcg-vhd-matlab/data/scalograms/MR/New_MR_111.png,MR
/MATLAB Drive/pcg-vhd-matlab/data/scalograms/MR/New_MR_163.png,MR
/MATLAB Drive/pcg-vhd-matlab/data/scalograms/MR/New_MR_087.png,MR
/MATLAB Drive/pcg-vhd-matlab/data/scalograms/MR/New_MR_142.png,MR
/MATLAB Drive/pcg-vhd-matlab/data/scalograms/MR/New_MR_139.png,MR
/MATLAB Drive/pcg-vhd-matlab/data/scalograms/MR/New_MR_141.png,MR
/MATLAB Drive/pcg-vhd-matlab/data/scalograms/MR/New_MR_034.png,MR
/MATLAB Drive/pcg-vhd-matlab/data/scalograms/MR/New_MR_076.png,MR
/MATLAB Drive/pcg-vhd-matlab/data/scalograms/MR/New_MR_032.png,MR
/MATLAB Drive/pcg-vhd-matlab/data/scalograms/MR/New_MR_151.png,MR
/MATLAB Drive/pcg-vhd-matlab/data/scalograms/MR/New_MR_075.png,MR
/MATLAB Drive/pcg-vhd-matlab/data/scalograms/MR/New_MR_107.png,MR
/MATLAB Drive/pcg-vhd-matlab/data/scalograms/MR/New_MR_064.png,MR
/MATLAB Drive/pcg-vhd-matlab/data/scalograms/MR/New_MR_096.png,MR
/MATLAB Drive/pcg-vhd-matlab/data/scalograms/MR/New_MR_102.png,MR
/MATLAB Drive/pcg-vhd-matlab/data/scalograms/MR/New_MR_103.png,MR
/MATLAB Drive/pcg-vhd-matlab/data/scalograms/MR/New_MR_088.png,MR
/MATLAB Drive/pcg-vhd-matlab/data/scalograms/MR/New_MR_164.png,MR
/MATLAB Drive/pcg-vhd-matlab/data/scalograms/MR/New_MR_011.png,MR
/MATLAB Drive/pcg-vhd-matlab/data/scalograms/MR/New_MR_121.png,MR
/MATLAB Drive/pcg-vhd-matlab/data/scalograms/MR/New_MR_127.png,MR
/MATLAB Drive/pcg-vhd-matlab/data/scalograms/MR/New_MR_056.png,MR
/MATLAB Drive/pcg-vhd-matlab/data/scalograms/MR/New_MR_022.png,MR
/MATLAB Drive/pcg-vhd-matlab/data/scalograms/MR/New_MR_059.png,MR
/MATLAB Drive/pcg-vhd-matlab/data/scalograms/MR/New_MR_160.png,MR
/MATLAB Drive/pcg-vhd-matlab/data/scalograms/MR/New_MR_033.png,MR
/MATLAB Drive/pcg-vhd-matlab/data/scalograms/MR/New_MR_085.png,MR
/MATLAB Drive/pcg-vhd-matlab/data/scalograms/MR/New_MR_158.png,MR
/MATLAB Drive/pcg-vhd-matlab/data/scalograms/MR/New_MR_090.png,MR
/MATLAB Drive/pcg-vhd-matlab/data/scalograms/MR/New_MR_005.png,MR
/MATLAB Drive/pcg-vhd-matlab/data/scalograms/MR/New_MR_128.png,MR
/MATLAB Drive/pcg-vhd-matlab/data/scalograms/MR/New_MR_061.png,MR
/MATLAB Drive/pcg-vhd-matlab/data/scalograms/MR/New_MR_146.png,MR
/MATLAB Drive/pcg-vhd-matlab/data/scalograms/MR/New_MR_099.png,MR
/MATLAB Drive/pcg-vhd-matlab/data/scalograms/MR/New_MR_150.png,MR
/MATLAB Drive/pcg-vhd-matlab/data/scalograms/MR/New_MR_183.png,MR
/MATLAB Drive/pcg-vhd-matlab/data/scalograms/MR/New_MR_030.png,MR
/MATLAB Drive/pcg-vhd-matlab/data/scalograms/MR/New_MR_147.png,MR
/MATLAB Drive/pcg-vhd-matlab/data/scalograms/MR/New_MR_104.png,MR
/MATLAB Drive/pcg-vhd-matlab/data/scalograms/MR/New_MR_001.png,MR
/MATLAB Drive/pcg-vhd-matlab/data/scalograms/MR/New_MR_156.png,MR
/MATLAB Drive/pcg-vhd-matlab/data/scalograms/MR/New_MR_162.png,MR
/MATLAB Drive/pcg-vhd-matlab/data/scalograms/MR/New_MR_039.png,MR
/MATLAB Drive/pcg-vhd-matlab/data/scalograms/MR/New_MR_019.png,MR
/MATLAB Drive/pcg-vhd-matlab/data/scalograms/MR/New_MR_078.png,MR
/MATLAB Drive/pcg-vhd-matlab/data/scalograms/MR/New_MR_013.png,MR
/MATLAB Drive/pcg-vhd-matlab/data/scalograms/MR/New_MR_021.png,MR
/MATLAB Drive/pcg-vhd-matlab/data/scalograms/MR/New_MR_153.png,MR
/MATLAB Drive/pcg-vhd-matlab/data/scalograms/MR/New_MR_123.png,MR
/MATLAB Drive/pcg-vhd-matlab/data/scalograms/MR/New_MR_008.png,MR
/MATLAB Drive/pcg-vhd-matlab/data/scalograms/MR/New_MR_174.png,MR
/MATLAB Drive/pcg-vhd-matlab/data/scalograms/MR/New_MR_012.png,MR
/MATLAB Drive/pcg-vhd-matlab/data/scalograms/MR/New_MR_116.png,MR
/MATLAB Drive/pcg-vhd-matlab/data/scalograms/MR/New_MR_058.png,MR
/MATLAB Drive/pcg-vhd-matlab/data/scalograms/MR/New_MR_182.png,MR
/MATLAB Drive/pcg-vhd-matlab/data/scalograms/MR/New_MR_067.png,MR
/MATLAB Drive/pcg-vhd-matlab/data/scalograms/MR/New_MR_079.png,MR
/MATLAB Drive/pcg-vhd-matlab/data/scalograms/MR/New_MR_068.png,MR
/MATLAB Drive/pcg-vhd-matlab/data/scalograms/MR/New_MR_138.png,MR
/MATLAB Drive/pcg-vhd-matlab/data/scalograms/MR/New_MR_015.png,MR
/MATLAB Drive/pcg-vhd-matlab/data/scalograms/MR/New_MR_122.png,MR
/MATLAB Drive/pcg-vhd-matlab/data/scalograms/MR/New_MR_036.png,MR
/MATLAB Drive/pcg-vhd-matlab/data/scalograms/MR/New_MR_105.png,MR
/MATLAB Drive/pcg-vhd-matlab/data/scalograms/MR/New_MR_185.png,MR
/MATLAB Drive/pcg-vhd-matlab/data/scalograms/MR/New_MR_126.png,MR
/MATLAB Drive/pcg-vhd-matlab/data/scalograms/MR/New_MR_066.png,MR
/MATLAB Drive/pcg-vhd-matlab/data/scalograms/MS/New_MS_008.png,MS
/MATLAB Drive/pcg-vhd-matlab/data/scalograms/MS/New_MS_057.png,MS
/MATLAB Drive/pcg-vhd-matlab/data/scalograms/MS/New_MS_071.png,MS
/MATLAB Drive/pcg-vhd-matlab/data/scalograms/MS/New_MS_164.png,MS
/MATLAB Drive/pcg-vhd-matlab/data/scalograms/MS/New_MS_116.png,MS
/MATLAB Drive/pcg-vhd-matlab/data/scalograms/MS/New_MS_158.png,MS
/MATLAB Drive/pcg-vhd-matlab/data/scalograms/MS/New_MS_200.png,MS
/MATLAB Drive/pcg-vhd-matlab/data/scalograms/MS/New_MS_073.png,MS
/MATLAB Drive/pcg-vhd-matlab/data/scalograms/MS/New_MS_115.png,MS
/MATLAB Drive/pcg-vhd-matlab/data/scalograms/MS/New_MS_087.png,MS
/MATLAB Drive/pcg-vhd-matlab/data/scalograms/MS/New_MS_059.png,MS
/MATLAB Drive/pcg-vhd-matlab/data/scalograms/MS/New_MS_129.png,MS
/MATLAB Drive/pcg-vhd-matlab/data/scalograms/MS/New_MS_025.png,MS
/MATLAB Drive/pcg-vhd-matlab/data/scalograms/MS/New_MS_037.png,MS
/MATLAB Drive/pcg-vhd-matlab/data/scalograms/MS/New_MS_077.png,MS
/MATLAB Drive/pcg-vhd-matlab/data/scalograms/MS/New_MS_187.png,MS
/MATLAB Drive/pcg-vhd-matlab/data/scalograms/MS/New_MS_098.png,MS
/MATLAB Drive/pcg-vhd-matlab/data/scalograms/MS/New_MS_040.png,MS
/MATLAB Drive/pcg-vhd-matlab/data/scalograms/MS/New_MS_050.png,MS
/MATLAB Drive/pcg-vhd-matlab/data/scalograms/MS/New_MS_035.png,MS
/MATLAB Drive/pcg-vhd-matlab/data/scalograms/MS/New_MS_041.png,MS
/MATLAB Drive/pcg-vhd-matlab/data/scalograms/MS/New_MS_023.png,MS
/MATLAB Drive/pcg-vhd-matlab/data/scalograms/MS/New_MS_010.png,MS
/MATLAB Drive/pcg-vhd-matlab/data/scalograms/MS/New_MS_034.png,MS
/MATLAB Drive/pcg-vhd-matlab/data/scalograms/MS/New_MS_001.png,MS
/MATLAB Drive/pcg-vhd-matlab/data/scalograms/MS/New_MS_055.png,MS
/MATLAB Drive/pcg-vhd-matlab/data/scalograms/MS/New_MS_147.png,MS
/MATLAB Drive/pcg-vhd-matlab/data/scalograms/MS/New_MS_030.png,MS
/MATLAB Drive/pcg-vhd-matlab/data/scalograms/MS/New_MS_061.png,MS
/MATLAB Drive/pcg-vhd-matlab/data/scalograms/MS/New_MS_060.png,MS
/MATLAB Drive/pcg-vhd-matlab/data/scalograms/MS/New_MS_189.png,MS
/MATLAB Drive/pcg-vhd-matlab/data/scalograms/MS/New_MS_188.png,MS
/MATLAB Drive/pcg-vhd-matlab/data/scalograms/MS/New_MS_140.png,MS
/MATLAB Drive/pcg-vhd-matlab/data/scalograms/MS/New_MS_157.png,MS
/MATLAB Drive/pcg-vhd-matlab/data/scalograms/MS/New_MS_163.png,MS
/MATLAB Drive/pcg-vhd-matlab/data/scalograms/MS/New_MS_191.png,MS
/MATLAB Drive/pcg-vhd-matlab/data/scalograms/MS/New_MS_031.png,MS
/MATLAB Drive/pcg-vhd-matlab/data/scalograms/MS/New_MS_177.png,MS
/MATLAB Drive/pcg-vhd-matlab/data/scalograms/MS/New_MS_120.png,MS
/MATLAB Drive/pcg-vhd-matlab/data/scalograms/MS/New_MS_190.png,MS
/MATLAB Drive/pcg-vhd-matlab/data/scalograms/MS/New_MS_106.png,MS
/MATLAB Drive/pcg-vhd-matlab/data/scalograms/MS/New_MS_198.png,MS
/MATLAB Drive/pcg-vhd-matlab/data/scalograms/MS/New_MS_193.png,MS
/MATLAB Drive/pcg-vhd-matlab/data/scalograms/MS/New_MS_094.png,MS
/MATLAB Drive/pcg-vhd-matlab/data/scalograms/MS/New_MS_199.png,MS
/MATLAB Drive/pcg-vhd-matlab/data/scalograms/MS/New_MS_162.png,MS
/MATLAB Drive/pcg-vhd-matlab/data/scalograms/MS/New_MS_069.png,MS
/MATLAB Drive/pcg-vhd-matlab/data/scalograms/MS/New_MS_143.png,MS
/MATLAB Drive/pcg-vhd-matlab/data/scalograms/MS/New_MS_186.png,MS
/MATLAB Drive/pcg-vhd-matlab/data/scalograms/MS/New_MS_138.png,MS
/MATLAB Drive/pcg-vhd-matlab/data/scalograms/MS/New_MS_180.png,MS
/MATLAB Drive/pcg-vhd-matlab/data/scalograms/MS/New_MS_128.png,MS
/MATLAB Drive/pcg-vhd-matlab/data/scalograms/MS/New_MS_093.png,MS
/MATLAB Drive/pcg-vhd-matlab/data/scalograms/MS/New_MS_088.png,MS
/MATLAB Drive/pcg-vhd-matlab/data/scalograms/MS/New_MS_067.png,MS
/MATLAB Drive/pcg-vhd-matlab/data/scalograms/MS/New_MS_017.png,MS
/MATLAB Drive/pcg-vhd-matlab/data/scalograms/MS/New_MS_103.png,MS
/MATLAB Drive/pcg-vhd-matlab/data/scalograms/MS/New_MS_011.png,MS
/MATLAB Drive/pcg-vhd-matlab/data/scalograms/MS/New_MS_005.png,MS
/MATLAB Drive/pcg-vhd-matlab/data/scalograms/MS/New_MS_018.png,MS
/MATLAB Drive/pcg-vhd-matlab/data/scalograms/MS/New_MS_184.png,MS
/MATLAB Drive/pcg-vhd-matlab/data/scalograms/MS/New_MS_194.png,MS
/MATLAB Drive/pcg-vhd-matlab/data/scalograms/MS/New_MS_170.png,MS
/MATLAB Drive/pcg-vhd-matlab/data/scalograms/MS/New_MS_165.png,MS
/MATLAB Drive/pcg-vhd-matlab/data/scalograms/MS/New_MS_029.png,MS
/MATLAB Drive/pcg-vhd-matlab/data/scalograms/MS/New_MS_096.png,MS
/MATLAB Drive/pcg-vhd-matlab/data/scalograms/MS/New_MS_146.png,MS
/MATLAB Drive/pcg-vhd-matlab/data/scalograms/MS/New_MS_044.png,MS
/MATLAB Drive/pcg-vhd-matlab/data/scalograms/MS/New_MS_043.png,MS
/MATLAB Drive/pcg-vhd-matlab/data/scalograms/MS/New_MS_066.png,MS
/MATLAB Drive/pcg-vhd-matlab/data/scalograms/MS/New_MS_049.png,MS
/MATLAB Drive/pcg-vhd-matlab/data/scalograms/MS/New_MS_117.png,MS
/MATLAB Drive/pcg-vhd-matlab/data/scalograms/MS/New_MS_122.png,MS
/MATLAB Drive/pcg-vhd-matlab/data/scalograms/MS/New_MS_007.png,MS
/MATLAB Drive/pcg-vhd-matlab/data/scalograms/MS/New_MS_167.png,MS
/MATLAB Drive/pcg-vhd-matlab/data/scalograms/MS/New_MS_173.png,MS
/MATLAB Drive/pcg-vhd-matlab/data/scalograms/MS/New_MS_156.png,MS
/MATLAB Drive/pcg-vhd-matlab/data/scalograms/MS/New_MS_127.png,MS
/MATLAB Drive/pcg-vhd-matlab/data/scalograms/MS/New_MS_112.png,MS
/MATLAB Drive/pcg-vhd-matlab/data/scalograms/MS/New_MS_053.png,MS
/MATLAB Drive/pcg-vhd-matlab/data/scalograms/MS/New_MS_168.png,MS
/MATLAB Drive/pcg-vhd-matlab/data/scalograms/MS/New_MS_027.png,MS
/MATLAB Drive/pcg-vhd-matlab/data/scalograms/MS/New_MS_016.png,MS
/MATLAB Drive/pcg-vhd-matlab/data/scalograms/MS/New_MS_139.png,MS
/MATLAB Drive/pcg-vhd-matlab/data/scalograms/MS/New_MS_083.png,MS
/MATLAB Drive/pcg-vhd-matlab/data/scalograms/MS/New_MS_091.png,MS
/MATLAB Drive/pcg-vhd-matlab/data/scalograms/MS/New_MS_181.png,MS
/MATLAB Drive/pcg-vhd-matlab/data/scalograms/MS/New_MS_095.png,MS
/MATLAB Drive/pcg-vhd-matlab/data/scalograms/MS/New_MS_058.png,MS
/MATLAB Drive/pcg-vhd-matlab/data/scalograms/MS/New_MS_126.png,MS
/MATLAB Drive/pcg-vhd-matlab/data/scalograms/MS/New_MS_196.png,MS
/MATLAB Drive/pcg-vhd-matlab/data/scalograms/MS/New_MS_179.png,MS
/MATLAB Drive/pcg-vhd-matlab/data/scalograms/MS/New_MS_183.png,MS
/MATLAB Drive/pcg-vhd-matlab/data/scalograms/MS/New_MS_056.png,MS
/MATLAB Drive/pcg-vhd-matlab/data/scalograms/MS/New_MS_024.png,MS
/MATLAB Drive/pcg-vhd-matlab/data/scalograms/MS/New_MS_003.png,MS
/MATLAB Drive/pcg-vhd-matlab/data/scalograms/MS/New_MS_171.png,MS
/MATLAB Drive/pcg-vhd-matlab/data/scalograms/MS/New_MS_151.png,MS
/MATLAB Drive/pcg-vhd-matlab/data/scalograms/MS/New_MS_149.png,MS
/MATLAB Drive/pcg-vhd-matlab/data/scalograms/MS/New_MS_080.png,MS
/MATLAB Drive/pcg-vhd-matlab/data/scalograms/MS/New_MS_075.png,MS
/MATLAB Drive/pcg-vhd-matlab/data/scalograms/MS/New_MS_102.png,MS
/MATLAB Drive/pcg-vhd-matlab/data/scalograms/MS/New_MS_026.png,MS
/MATLAB Drive/pcg-vhd-matlab/data/scalograms/MS/New_MS_153.png,MS
/MATLAB Drive/pcg-vhd-matlab/data/scalograms/MS/New_MS_078.png,MS
/MATLAB Drive/pcg-vhd-matlab/data/scalograms/MS/New_MS_134.png,MS
/MATLAB Drive/pcg-vhd-matlab/data/scalograms/MS/New_MS_052.png,MS
/MATLAB Drive/pcg-vhd-matlab/data/scalograms/MS/New_MS_154.png,MS
/MATLAB Drive/pcg-vhd-matlab/data/scalograms/MS/New_MS_014.png,MS
/MATLAB Drive/pcg-vhd-matlab/data/scalograms/MS/New_MS_064.png,MS
/MATLAB Drive/pcg-vhd-matlab/data/scalograms/MS/New_MS_097.png,MS
/MATLAB Drive/pcg-vhd-matlab/data/scalograms/MS/New_MS_085.png,MS
/MATLAB Drive/pcg-vhd-matlab/data/scalograms/MS/New_MS_166.png,MS
/MATLAB Drive/pcg-vhd-matlab/data/scalograms/MS/New_MS_121.png,MS
/MATLAB Drive/pcg-vhd-matlab/data/scalograms/MS/New_MS_142.png,MS
/MATLAB Drive/pcg-vhd-matlab/data/scalograms/MS/New_MS_111.png,MS
/MATLAB Drive/pcg-vhd-matlab/data/scalograms/MS/New_MS_145.png,MS
/MATLAB Drive/pcg-vhd-matlab/data/scalograms/MS/New_MS_033.png,MS
/MATLAB Drive/pcg-vhd-matlab/data/scalograms/MS/New_MS_092.png,MS
/MATLAB Drive/pcg-vhd-matlab/data/scalograms/MS/New_MS_160.png,MS
/MATLAB Drive/pcg-vhd-matlab/data/scalograms/MS/New_MS_174.png,MS
/MATLAB Drive/pcg-vhd-matlab/data/scalograms/MS/New_MS_084.png,MS
/MATLAB Drive/pcg-vhd-matlab/data/scalograms/MS/New_MS_081.png,MS
/MATLAB Drive/pcg-vhd-matlab/data/scalograms/MS/New_MS_015.png,MS
/MATLAB Drive/pcg-vhd-matlab/data/scalograms/MS/New_MS_185.png,MS
/MATLAB Drive/pcg-vhd-matlab/data/scalograms/MS/New_MS_192.png,MS
/MATLAB Drive/pcg-vhd-matlab/data/scalograms/MS/New_MS_062.png,MS
/MATLAB Drive/pcg-vhd-matlab/data/scalograms/MS/New_MS_197.png,MS
/MATLAB Drive/pcg-vhd-matlab/data/scalograms/MS/New_MS_148.png,MS
/MATLAB Drive/pcg-vhd-matlab/data/scalograms/MS/New_MS_144.png,MS
/MATLAB Drive/pcg-vhd-matlab/data/scalograms/MS/New_MS_019.png,MS
/MATLAB Drive/pcg-vhd-matlab/data/scalograms/MS/New_MS_105.png,MS
/MATLAB Drive/pcg-vhd-matlab/data/scalograms/MS/New_MS_082.png,MS
/MATLAB Drive/pcg-vhd-matlab/data/scalograms/MS/New_MS_101.png,MS
/MATLAB Drive/pcg-vhd-matlab/data/scalograms/MS/New_MS_036.png,MS
/MATLAB Drive/pcg-vhd-matlab/data/scalograms/MS/New_MS_161.png,MS
/MATLAB Drive/pcg-vhd-matlab/data/scalograms/MS/New_MS_039.png,MS
/MATLAB Drive/pcg-vhd-matlab/data/scalograms/MS/New_MS_110.png,MS
/MATLAB Drive/pcg-vhd-matlab/data/scalograms/MS/New_MS_063.png,MS
/MATLAB Drive/pcg-vhd-matlab/data/scalograms/MS/New_MS_020.png,MS
/MATLAB Drive/pcg-vhd-matlab/data/scalograms/MS/New_MS_048.png,MS
/MATLAB Drive/pcg-vhd-matlab/data/scalograms/MS/New_MS_159.png,MS
/MATLAB Drive/pcg-vhd-matlab/data/scalograms/MS/New_MS_032.png,MS
/MATLAB Drive/pcg-vhd-matlab/data/scalograms/MS/New_MS_135.png,MS
/MATLAB Drive/pcg-vhd-matlab/data/scalograms/MS/New_MS_150.png,MS
/MATLAB Drive/pcg-vhd-matlab/data/scalograms/MS/New_MS_051.png,MS
/MATLAB Drive/pcg-vhd-matlab/data/scalograms/MS/New_MS_172.png,MS
/MATLAB Drive/pcg-vhd-matlab/data/scalograms/MS/New_MS_022.png,MS
/MATLAB Drive/pcg-vhd-matlab/data/scalograms/MS/New_MS_021.png,MS
/MATLAB Drive/pcg-vhd-matlab/data/scalograms/MS/New_MS_118.png,MS
/MATLAB Drive/pcg-vhd-matlab/data/scalograms/MVP/New_MVP_195.png,MVP
/MATLAB Drive/pcg-vhd-matlab/data/scalograms/MVP/New_MVP_041.png,MVP
/MATLAB Drive/pcg-vhd-matlab/data/scalograms/MVP/New_MVP_165.png,MVP
/MATLAB Drive/pcg-vhd-matlab/data/scalograms/MVP/New_MVP_029.png,MVP
/MATLAB Drive/pcg-vhd-matlab/data/scalograms/MVP/New_MVP_011.png,MVP
/MATLAB Drive/pcg-vhd-matlab/data/scalograms/MVP/New_MVP_102.png,MVP
/MATLAB Drive/pcg-vhd-matlab/data/scalograms/MVP/New_MVP_017.png,MVP
/MATLAB Drive/pcg-vhd-matlab/data/scalograms/MVP/New_MVP_105.png,MVP
/MATLAB Drive/pcg-vhd-matlab/data/scalograms/MVP/New_MVP_123.png,MVP
/MATLAB Drive/pcg-vhd-matlab/data/scalograms/MVP/New_MVP_073.png,MVP
/MATLAB Drive/pcg-vhd-matlab/data/scalograms/MVP/New_MVP_014.png,MVP
/MATLAB Drive/pcg-vhd-matlab/data/scalograms/MVP/New_MVP_051.png,MVP
/MATLAB Drive/pcg-vhd-matlab/data/scalograms/MVP/New_MVP_004.png,MVP
/MATLAB Drive/pcg-vhd-matlab/data/scalograms/MVP/New_MVP_065.png,MVP
/MATLAB Drive/pcg-vhd-matlab/data/scalograms/MVP/New_MVP_035.png,MVP
/MATLAB Drive/pcg-vhd-matlab/data/scalograms/MVP/New_MVP_171.png,MVP
/MATLAB Drive/pcg-vhd-matlab/data/scalograms/MVP/New_MVP_077.png,MVP
/MATLAB Drive/pcg-vhd-matlab/data/scalograms/MVP/New_MVP_095.png,MVP
/MATLAB Drive/pcg-vhd-matlab/data/scalograms/MVP/New_MVP_151.png,MVP
/MATLAB Drive/pcg-vhd-matlab/data/scalograms/MVP/New_MVP_045.png,MVP
/MATLAB Drive/pcg-vhd-matlab/data/scalograms/MVP/New_MVP_005.png,MVP
/MATLAB Drive/pcg-vhd-matlab/data/scalograms/MVP/New_MVP_119.png,MVP
/MATLAB Drive/pcg-vhd-matlab/data/scalograms/MVP/New_MVP_173.png,MVP
/MATLAB Drive/pcg-vhd-matlab/data/scalograms/MVP/New_MVP_056.png,MVP
/MATLAB Drive/pcg-vhd-matlab/data/scalograms/MVP/New_MVP_104.png,MVP
/MATLAB Drive/pcg-vhd-matlab/data/scalograms/MVP/New_MVP_155.png,MVP
/MATLAB Drive/pcg-vhd-matlab/data/scalograms/MVP/New_MVP_127.png,MVP
/MATLAB Drive/pcg-vhd-matlab/data/scalograms/MVP/New_MVP_176.png,MVP
/MATLAB Drive/pcg-vhd-matlab/data/scalograms/MVP/New_MVP_161.png,MVP
/MATLAB Drive/pcg-vhd-matlab/data/scalograms/MVP/New_MVP_066.png,MVP
/MATLAB Drive/pcg-vhd-matlab/data/scalograms/MVP/New_MVP_191.png,MVP
/MATLAB Drive/pcg-vhd-matlab/data/scalograms/MVP/New_MVP_099.png,MVP
/MATLAB Drive/pcg-vhd-matlab/data/scalograms/MVP/New_MVP_068.png,MVP
/MATLAB Drive/pcg-vhd-matlab/data/scalograms/MVP/New_MVP_130.png,MVP
/MATLAB Drive/pcg-vhd-matlab/data/scalograms/MVP/New_MVP_131.png,MVP
/MATLAB Drive/pcg-vhd-matlab/data/scalograms/MVP/New_MVP_001.png,MVP
/MATLAB Drive/pcg-vhd-matlab/data/scalograms/MVP/New_MVP_083.png,MVP
/MATLAB Drive/pcg-vhd-matlab/data/scalograms/MVP/New_MVP_071.png,MVP
/MATLAB Drive/pcg-vhd-matlab/data/scalograms/MVP/New_MVP_003.png,MVP
/MATLAB Drive/pcg-vhd-matlab/data/scalograms/MVP/New_MVP_122.png,MVP
/MATLAB Drive/pcg-vhd-matlab/data/scalograms/MVP/New_MVP_185.png,MVP
/MATLAB Drive/pcg-vhd-matlab/data/scalograms/MVP/New_MVP_021.png,MVP
/MATLAB Drive/pcg-vhd-matlab/data/scalograms/MVP/New_MVP_069.png,MVP
/MATLAB Drive/pcg-vhd-matlab/data/scalograms/MVP/New_MVP_090.png,MVP
/MATLAB Drive/pcg-vhd-matlab/data/scalograms/MVP/New_MVP_129.png,MVP
/MATLAB Drive/pcg-vhd-matlab/data/scalograms/MVP/New_MVP_007.png,MVP
/MATLAB Drive/pcg-vhd-matlab/data/scalograms/MVP/New_MVP_022.png,MVP
/MATLAB Drive/pcg-vhd-matlab/data/scalograms/MVP/New_MVP_043.png,MVP
/MATLAB Drive/pcg-vhd-matlab/data/scalograms/MVP/New_MVP_177.png,MVP
/MATLAB Drive/pcg-vhd-matlab/data/scalograms/MVP/New_MVP_145.png,MVP
/MATLAB Drive/pcg-vhd-matlab/data/scalograms/MVP/New_MVP_064.png,MVP
/MATLAB Drive/pcg-vhd-matlab/data/scalograms/MVP/New_MVP_094.png,MVP
/MATLAB Drive/pcg-vhd-matlab/data/scalograms/MVP/New_MVP_038.png,MVP
/MATLAB Drive/pcg-vhd-matlab/data/scalograms/MVP/New_MVP_067.png,MVP
/MATLAB Drive/pcg-vhd-matlab/data/scalograms/MVP/New_MVP_163.png,MVP
/MATLAB Drive/pcg-vhd-matlab/data/scalograms/MVP/New_MVP_183.png,MVP
/MATLAB Drive/pcg-vhd-matlab/data/scalograms/MVP/New_MVP_030.png,MVP
/MATLAB Drive/pcg-vhd-matlab/data/scalograms/MVP/New_MVP_109.png,MVP
/MATLAB Drive/pcg-vhd-matlab/data/scalograms/MVP/New_MVP_082.png,MVP
/MATLAB Drive/pcg-vhd-matlab/data/scalograms/MVP/New_MVP_039.png,MVP
/MATLAB Drive/pcg-vhd-matlab/data/scalograms/MVP/New_MVP_018.png,MVP
/MATLAB Drive/pcg-vhd-matlab/data/scalograms/MVP/New_MVP_002.png,MVP
/MATLAB Drive/pcg-vhd-matlab/data/scalograms/MVP/New_MVP_088.png,MVP
/MATLAB Drive/pcg-vhd-matlab/data/scalograms/MVP/New_MVP_057.png,MVP
/MATLAB Drive/pcg-vhd-matlab/data/scalograms/MVP/New_MVP_070.png,MVP
/MATLAB Drive/pcg-vhd-matlab/data/scalograms/MVP/New_MVP_097.png,MVP
/MATLAB Drive/pcg-vhd-matlab/data/scalograms/MVP/New_MVP_142.png,MVP
/MATLAB Drive/pcg-vhd-matlab/data/scalograms/MVP/New_MVP_162.png,MVP
/MATLAB Drive/pcg-vhd-matlab/data/scalograms/MVP/New_MVP_042.png,MVP
/MATLAB Drive/pcg-vhd-matlab/data/scalograms/MVP/New_MVP_107.png,MVP
/MATLAB Drive/pcg-vhd-matlab/data/scalograms/MVP/New_MVP_091.png,MVP
/MATLAB Drive/pcg-vhd-matlab/data/scalograms/MVP/New_MVP_044.png,MVP
/MATLAB Drive/pcg-vhd-matlab/data/scalograms/MVP/New_MVP_154.png,MVP
/MATLAB Drive/pcg-vhd-matlab/data/scalograms/MVP/New_MVP_103.png,MVP
/MATLAB Drive/pcg-vhd-matlab/data/scalograms/MVP/New_MVP_169.png,MVP
/MATLAB Drive/pcg-vhd-matlab/data/scalograms/MVP/New_MVP_184.png,MVP
/MATLAB Drive/pcg-vhd-matlab/data/scalograms/MVP/New_MVP_115.png,MVP
/MATLAB Drive/pcg-vhd-matlab/data/scalograms/MVP/New_MVP_061.png,MVP
/MATLAB Drive/pcg-vhd-matlab/data/scalograms/MVP/New_MVP_135.png,MVP
/MATLAB Drive/pcg-vhd-matlab/data/scalograms/MVP/New_MVP_058.png,MVP
/MATLAB Drive/pcg-vhd-matlab/data/scalograms/MVP/New_MVP_008.png,MVP
/MATLAB Drive/pcg-vhd-matlab/data/scalograms/MVP/New_MVP_026.png,MVP
/MATLAB Drive/pcg-vhd-matlab/data/scalograms/MVP/New_MVP_023.png,MVP
/MATLAB Drive/pcg-vhd-matlab/data/scalograms/MVP/New_MVP_140.png,MVP
/MATLAB Drive/pcg-vhd-matlab/data/scalograms/MVP/New_MVP_040.png,MVP
/MATLAB Drive/pcg-vhd-matlab/data/scalograms/MVP/New_MVP_147.png,MVP
/MATLAB Drive/pcg-vhd-matlab/data/scalograms/MVP/New_MVP_137.png,MVP
/MATLAB Drive/pcg-vhd-matlab/data/scalograms/MVP/New_MVP_174.png,MVP
/MATLAB Drive/pcg-vhd-matlab/data/scalograms/MVP/New_MVP_078.png,MVP
/MATLAB Drive/pcg-vhd-matlab/data/scalograms/MVP/New_MVP_188.png,MVP
/MATLAB Drive/pcg-vhd-matlab/data/scalograms/MVP/New_MVP_075.png,MVP
/MATLAB Drive/pcg-vhd-matlab/data/scalograms/MVP/New_MVP_114.png,MVP
/MATLAB Drive/pcg-vhd-matlab/data/scalograms/MVP/New_MVP_092.png,MVP
/MATLAB Drive/pcg-vhd-matlab/data/scalograms/MVP/New_MVP_055.png,MVP
/MATLAB Drive/pcg-vhd-matlab/data/scalograms/MVP/New_MVP_139.png,MVP
/MATLAB Drive/pcg-vhd-matlab/data/scalograms/MVP/New_MVP_036.png,MVP
/MATLAB Drive/pcg-vhd-matlab/data/scalograms/MVP/New_MVP_006.png,MVP
/MATLAB Drive/pcg-vhd-matlab/data/scalograms/MVP/New_MVP_189.png,MVP
/MATLAB Drive/pcg-vhd-matlab/data/scalograms/MVP/New_MVP_027.png,MVP
/MATLAB Drive/pcg-vhd-matlab/data/scalograms/MVP/New_MVP_141.png,MVP
/MATLAB Drive/pcg-vhd-matlab/data/scalograms/MVP/New_MVP_113.png,MVP
/MATLAB Drive/pcg-vhd-matlab/data/scalograms/MVP/New_MVP_100.png,MVP
/MATLAB Drive/pcg-vhd-matlab/data/scalograms/MVP/New_MVP_024.png,MVP
/MATLAB Drive/pcg-vhd-matlab/data/scalograms/MVP/New_MVP_050.png,MVP
/MATLAB Drive/pcg-vhd-matlab/data/scalograms/MVP/New_MVP_144.png,MVP
/MATLAB Drive/pcg-vhd-matlab/data/scalograms/MVP/New_MVP_009.png,MVP
/MATLAB Drive/pcg-vhd-matlab/data/scalograms/MVP/New_MVP_193.png,MVP
/MATLAB Drive/pcg-vhd-matlab/data/scalograms/MVP/New_MVP_093.png,MVP
/MATLAB Drive/pcg-vhd-matlab/data/scalograms/MVP/New_MVP_033.png,MVP
/MATLAB Drive/pcg-vhd-matlab/data/scalograms/MVP/New_MVP_134.png,MVP
/MATLAB Drive/pcg-vhd-matlab/data/scalograms/MVP/New_MVP_074.png,MVP
/MATLAB Drive/pcg-vhd-matlab/data/scalograms/MVP/New_MVP_034.png,MVP
/MATLAB Drive/pcg-vhd-matlab/data/scalograms/MVP/New_MVP_101.png,MVP
/MATLAB Drive/pcg-vhd-matlab/data/scalograms/MVP/New_MVP_037.png,MVP
/MATLAB Drive/pcg-vhd-matlab/data/scalograms/MVP/New_MVP_158.png,MVP
/MATLAB Drive/pcg-vhd-matlab/data/scalograms/MVP/New_MVP_052.png,MVP
/MATLAB Drive/pcg-vhd-matlab/data/scalograms/MVP/New_MVP_182.png,MVP
/MATLAB Drive/pcg-vhd-matlab/data/scalograms/MVP/New_MVP_148.png,MVP
/MATLAB Drive/pcg-vhd-matlab/data/scalograms/MVP/New_MVP_086.png,MVP
/MATLAB Drive/pcg-vhd-matlab/data/scalograms/MVP/New_MVP_198.png,MVP
/MATLAB Drive/pcg-vhd-matlab/data/scalograms/MVP/New_MVP_166.png,MVP
/MATLAB Drive/pcg-vhd-matlab/data/scalograms/MVP/New_MVP_060.png,MVP
/MATLAB Drive/pcg-vhd-matlab/data/scalograms/MVP/New_MVP_087.png,MVP
/MATLAB Drive/pcg-vhd-matlab/data/scalograms/MVP/New_MVP_125.png,MVP
/MATLAB Drive/pcg-vhd-matlab/data/scalograms/MVP/New_MVP_098.png,MVP
/MATLAB Drive/pcg-vhd-matlab/data/scalograms/MVP/New_MVP_187.png,MVP
/MATLAB Drive/pcg-vhd-matlab/data/scalograms/MVP/New_MVP_192.png,MVP
/MATLAB Drive/pcg-vhd-matlab/data/scalograms/MVP/New_MVP_053.png,MVP
/MATLAB Drive/pcg-vhd-matlab/data/scalograms/MVP/New_MVP_047.png,MVP
/MATLAB Drive/pcg-vhd-matlab/data/scalograms/MVP/New_MVP_112.png,MVP
/MATLAB Drive/pcg-vhd-matlab/data/scalograms/MVP/New_MVP_063.png,MVP
/MATLAB Drive/pcg-vhd-matlab/data/scalograms/MVP/New_MVP_096.png,MVP
/MATLAB Drive/pcg-vhd-matlab/data/scalograms/MVP/New_MVP_194.png,MVP
/MATLAB Drive/pcg-vhd-matlab/data/scalograms/MVP/New_MVP_025.png,MVP
/MATLAB Drive/pcg-vhd-matlab/data/scalograms/MVP/New_MVP_157.png,MVP
/MATLAB Drive/pcg-vhd-matlab/data/scalograms/MVP/New_MVP_150.png,MVP
/MATLAB Drive/pcg-vhd-matlab/data/scalograms/MVP/New_MVP_153.png,MVP
/MATLAB Drive/pcg-vhd-matlab/data/scalograms/MVP/New_MVP_013.png,MVP
/MATLAB Drive/pcg-vhd-matlab/data/scalograms/MVP/New_MVP_180.png,MVP
/MATLAB Drive/pcg-vhd-matlab/data/scalograms/MVP/New_MVP_059.png,MVP
/MATLAB Drive/pcg-vhd-matlab/data/scalograms/MVP/New_MVP_133.png,MVP
/MATLAB Drive/pcg-vhd-matlab/data/scalograms/MVP/New_MVP_084.png,MVP
/MATLAB Drive/pcg-vhd-matlab/data/scalograms/MVP/New_MVP_048.png,MVP
/MATLAB Drive/pcg-vhd-matlab/data/scalograms/MVP/New_MVP_110.png,MVP
/MATLAB Drive/pcg-vhd-matlab/data/scalograms/MVP/New_MVP_010.png,MVP
/MATLAB Drive/pcg-vhd-matlab/data/scalograms/MVP/New_MVP_181.png,MVP
/MATLAB Drive/pcg-vhd-matlab/data/scalograms/MVP/New_MVP_199.png,MVP
/MATLAB Drive/pcg-vhd-matlab/data/scalograms/MVP/New_MVP_031.png,MVP
/MATLAB Drive/pcg-vhd-matlab/data/scalograms/MVP/New_MVP_179.png,MVP
/MATLAB Drive/pcg-vhd-matlab/data/scalograms/MVP/New_MVP_178.png,MVP
/MATLAB Drive/pcg-vhd-matlab/data/scalograms/N/New_N_022.png,N
/MATLAB Drive/pcg-vhd-matlab/data/scalograms/N/New_N_146.png,N
/MATLAB Drive/pcg-vhd-matlab/data/scalograms/N/New_N_099.png,N
/MATLAB Drive/pcg-vhd-matlab/data/scalograms/N/New_N_041.png,N
/MATLAB Drive/pcg-vhd-matlab/data/scalograms/N/New_N_137.png,N
/MATLAB Drive/pcg-vhd-matlab/data/scalograms/N/New_N_083.png,N
/MATLAB Drive/pcg-vhd-matlab/data/scalograms/N/New_N_126.png,N
/MATLAB Drive/pcg-vhd-matlab/data/scalograms/N/New_N_075.png,N
/MATLAB Drive/pcg-vhd-matlab/data/scalograms/N/New_N_102.png,N
/MATLAB Drive/pcg-vhd-matlab/data/scalograms/N/New_N_079.png,N
/MATLAB Drive/pcg-vhd-matlab/data/scalograms/N/New_N_175.png,N
/MATLAB Drive/pcg-vhd-matlab/data/scalograms/N/New_N_057.png,N
/MATLAB Drive/pcg-vhd-matlab/data/scalograms/N/New_N_158.png,N
/MATLAB Drive/pcg-vhd-matlab/data/scalograms/N/New_N_178.png,N
/MATLAB Drive/pcg-vhd-matlab/data/scalograms/N/New_N_019.png,N
/MATLAB Drive/pcg-vhd-matlab/data/scalograms/N/New_N_060.png,N
/MATLAB Drive/pcg-vhd-matlab/data/scalograms/N/New_N_051.png,N
/MATLAB Drive/pcg-vhd-matlab/data/scalograms/N/New_N_184.png,N
/MATLAB Drive/pcg-vhd-matlab/data/scalograms/N/New_N_161.png,N
/MATLAB Drive/pcg-vhd-matlab/data/scalograms/N/New_N_047.png,N
/MATLAB Drive/pcg-vhd-matlab/data/scalograms/N/New_N_100.png,N
/MATLAB Drive/pcg-vhd-matlab/data/scalograms/N/New_N_196.png,N
/MATLAB Drive/pcg-vhd-matlab/data/scalograms/N/New_N_089.png,N
/MATLAB Drive/pcg-vhd-matlab/data/scalograms/N/New_N_084.png,N
/MATLAB Drive/pcg-vhd-matlab/data/scalograms/N/New_N_183.png,N
/MATLAB Drive/pcg-vhd-matlab/data/scalograms/N/New_N_010.png,N
/MATLAB Drive/pcg-vhd-matlab/data/scalograms/N/New_N_139.png,N
/MATLAB Drive/pcg-vhd-matlab/data/scalograms/N/New_N_013.png,N
/MATLAB Drive/pcg-vhd-matlab/data/scalograms/N/New_N_198.png,N
/MATLAB Drive/pcg-vhd-matlab/data/scalograms/N/New_N_147.png,N
/MATLAB Drive/pcg-vhd-matlab/data/scalograms/N/New_N_131.png,N
/MATLAB Drive/pcg-vhd-matlab/data/scalograms/N/New_N_120.png,N
/MATLAB Drive/pcg-vhd-matlab/data/scalograms/N/New_N_033.png,N
/MATLAB Drive/pcg-vhd-matlab/data/scalograms/N/New_N_045.png,N
/MATLAB Drive/pcg-vhd-matlab/data/scalograms/N/New_N_002.png,N
/MATLAB Drive/pcg-vhd-matlab/data/scalograms/N/New_N_067.png,N
/MATLAB Drive/pcg-vhd-matlab/data/scalograms/N/New_N_076.png,N
/MATLAB Drive/pcg-vhd-matlab/data/scalograms/N/New_N_159.png,N
/MATLAB Drive/pcg-vhd-matlab/data/scalograms/N/New_N_135.png,N
/MATLAB Drive/pcg-vhd-matlab/data/scalograms/N/New_N_153.png,N
/MATLAB Drive/pcg-vhd-matlab/data/scalograms/N/New_N_034.png,N
/MATLAB Drive/pcg-vhd-matlab/data/scalograms/N/New_N_043.png,N
/MATLAB Drive/pcg-vhd-matlab/data/scalograms/N/New_N_086.png,N
/MATLAB Drive/pcg-vhd-matlab/data/scalograms/N/New_N_103.png,N
/MATLAB Drive/pcg-vhd-matlab/data/scalograms/N/New_N_068.png,N
/MATLAB Drive/pcg-vhd-matlab/data/scalograms/N/New_N_056.png,N
/MATLAB Drive/pcg-vhd-matlab/data/scalograms/N/New_N_096.png,N
/MATLAB Drive/pcg-vhd-matlab/data/scalograms/N/New_N_055.png,N
/MATLAB Drive/pcg-vhd-matlab/data/scalograms/N/New_N_145.png,N
/MATLAB Drive/pcg-vhd-matlab/data/scalograms/N/New_N_101.png,N
/MATLAB Drive/pcg-vhd-matlab/data/scalograms/N/New_N_053.png,N
/MATLAB Drive/pcg-vhd-matlab/data/scalograms/N/New_N_174.png,N
/MATLAB Drive/pcg-vhd-matlab/data/scalograms/N/New_N_080.png,N
/MATLAB Drive/pcg-vhd-matlab/data/scalograms/N/New_N_031.png,N
/MATLAB Drive/pcg-vhd-matlab/data/scalograms/N/New_N_081.png,N
/MATLAB Drive/pcg-vhd-matlab/data/scalograms/N/New_N_088.png,N
/MATLAB Drive/pcg-vhd-matlab/data/scalograms/N/New_N_090.png,N
/MATLAB Drive/pcg-vhd-matlab/data/scalograms/N/New_N_163.png,N
/MATLAB Drive/pcg-vhd-matlab/data/scalograms/N/New_N_189.png,N
/MATLAB Drive/pcg-vhd-matlab/data/scalograms/N/New_N_130.png,N
/MATLAB Drive/pcg-vhd-matlab/data/scalograms/N/New_N_109.png,N
/MATLAB Drive/pcg-vhd-matlab/data/scalograms/N/New_N_176.png,N
/MATLAB Drive/pcg-vhd-matlab/data/scalograms/N/New_N_112.png,N
/MATLAB Drive/pcg-vhd-matlab/data/scalograms/N/New_N_127.png,N
/MATLAB Drive/pcg-vhd-matlab/data/scalograms/N/New_N_072.png,N
/MATLAB Drive/pcg-vhd-matlab/data/scalograms/N/New_N_193.png,N
/MATLAB Drive/pcg-vhd-matlab/data/scalograms/N/New_N_136.png,N
/MATLAB Drive/pcg-vhd-matlab/data/scalograms/N/New_N_141.png,N
/MATLAB Drive/pcg-vhd-matlab/data/scalograms/N/New_N_165.png,N
/MATLAB Drive/pcg-vhd-matlab/data/scalograms/N/New_N_097.png,N
/MATLAB Drive/pcg-vhd-matlab/data/scalograms/N/New_N_117.png,N
/MATLAB Drive/pcg-vhd-matlab/data/scalograms/N/New_N_168.png,N
/MATLAB Drive/pcg-vhd-matlab/data/scalograms/N/New_N_023.png,N
/MATLAB Drive/pcg-vhd-matlab/data/scalograms/N/New_N_181.png,N
/MATLAB Drive/pcg-vhd-matlab/data/scalograms/N/New_N_020.png,N
/MATLAB Drive/pcg-vhd-matlab/data/scalograms/N/New_N_108.png,N
/MATLAB Drive/pcg-vhd-matlab/data/scalograms/N/New_N_027.png,N
/MATLAB Drive/pcg-vhd-matlab/data/scalograms/N/New_N_028.png,N
/MATLAB Drive/pcg-vhd-matlab/data/scalograms/N/New_N_166.png,N
/MATLAB Drive/pcg-vhd-matlab/data/scalograms/N/New_N_195.png,N
/MATLAB Drive/pcg-vhd-matlab/data/scalograms/N/New_N_038.png,N
/MATLAB Drive/pcg-vhd-matlab/data/scalograms/N/New_N_071.png,N
/MATLAB Drive/pcg-vhd-matlab/data/scalograms/N/New_N_110.png,N
/MATLAB Drive/pcg-vhd-matlab/data/scalograms/N/New_N_156.png,N
/MATLAB Drive/pcg-vhd-matlab/data/scalograms/N/New_N_164.png,N
/MATLAB Drive/pcg-vhd-matlab/data/scalograms/N/New_N_094.png,N
/MATLAB Drive/pcg-vhd-matlab/data/scalograms/N/New_N_024.png,N
/MATLAB Drive/pcg-vhd-matlab/data/scalograms/N/New_N_018.png,N
/MATLAB Drive/pcg-vhd-matlab/data/scalograms/N/New_N_065.png,N
/MATLAB Drive/pcg-vhd-matlab/data/scalograms/N/New_N_074.png,N
/MATLAB Drive/pcg-vhd-matlab/data/scalograms/N/New_N_114.png,N
/MATLAB Drive/pcg-vhd-matlab/data/scalograms/N/New_N_046.png,N
/MATLAB Drive/pcg-vhd-matlab/data/scalograms/N/New_N_155.png,N
/MATLAB Drive/pcg-vhd-matlab/data/scalograms/N/New_N_036.png,N
/MATLAB Drive/pcg-vhd-matlab/data/scalograms/N/New_N_105.png,N
/MATLAB Drive/pcg-vhd-matlab/data/scalograms/N/New_N_005.png,N
/MATLAB Drive/pcg-vhd-matlab/data/scalograms/N/New_N_125.png,N
/MATLAB Drive/pcg-vhd-matlab/data/scalograms/N/New_N_188.png,N
/MATLAB Drive/pcg-vhd-matlab/data/scalograms/N/New_N_116.png,N
/MATLAB Drive/pcg-vhd-matlab/data/scalograms/N/New_N_064.png,N
/MATLAB Drive/pcg-vhd-matlab/data/scalograms/N/New_N_200.png,N
/MATLAB Drive/pcg-vhd-matlab/data/scalograms/N/New_N_009.png,N
/MATLAB Drive/pcg-vhd-matlab/data/scalograms/N/New_N_030.png,N
/MATLAB Drive/pcg-vhd-matlab/data/scalograms/N/New_N_032.png,N
/MATLAB Drive/pcg-vhd-matlab/data/scalograms/N/New_N_062.png,N
/MATLAB Drive/pcg-vhd-matlab/data/scalograms/N/New_N_058.png,N
/MATLAB Drive/pcg-vhd-matlab/data/scalograms/N/New_N_170.png,N
/MATLAB Drive/pcg-vhd-matlab/data/scalograms/N/New_N_122.png,N
/MATLAB Drive/pcg-vhd-matlab/data/scalograms/N/New_N_186.png,N
/MATLAB Drive/pcg-vhd-matlab/data/scalograms/N/New_N_179.png,N
/MATLAB Drive/pcg-vhd-matlab/data/scalograms/N/New_N_035.png,N
/MATLAB Drive/pcg-vhd-matlab/data/scalograms/N/New_N_049.png,N
/MATLAB Drive/pcg-vhd-matlab/data/scalograms/N/New_N_016.png,N
/MATLAB Drive/pcg-vhd-matlab/data/scalograms/N/New_N_157.png,N
/MATLAB Drive/pcg-vhd-matlab/data/scalograms/N/New_N_063.png,N
/MATLAB Drive/pcg-vhd-matlab/data/scalograms/N/New_N_134.png,N
/MATLAB Drive/pcg-vhd-matlab/data/scalograms/N/New_N_025.png,N
/MATLAB Drive/pcg-vhd-matlab/data/scalograms/N/New_N_128.png,N
/MATLAB Drive/pcg-vhd-matlab/data/scalograms/N/New_N_115.png,N
/MATLAB Drive/pcg-vhd-matlab/data/scalograms/N/New_N_142.png,N
/MATLAB Drive/pcg-vhd-matlab/data/scalograms/N/New_N_066.png,N
/MATLAB Drive/pcg-vhd-matlab/data/scalograms/N/New_N_059.png,N
/MATLAB Drive/pcg-vhd-matlab/data/scalograms/N/New_N_169.png,N
/MATLAB Drive/pcg-vhd-matlab/data/scalograms/N/New_N_003.png,N
/MATLAB Drive/pcg-vhd-matlab/data/scalograms/N/New_N_140.png,N
/MATLAB Drive/pcg-vhd-matlab/data/scalograms/N/New_N_039.png,N
/MATLAB Drive/pcg-vhd-matlab/data/scalograms/N/New_N_104.png,N
/MATLAB Drive/pcg-vhd-matlab/data/scalograms/N/New_N_194.png,N
/MATLAB Drive/pcg-vhd-matlab/data/scalograms/N/New_N_111.png,N
/MATLAB Drive/pcg-vhd-matlab/data/scalograms/N/New_N_017.png,N
/MATLAB Drive/pcg-vhd-matlab/data/scalograms/N/New_N_177.png,N
/MATLAB Drive/pcg-vhd-matlab/data/scalograms/N/New_N_050.png,N
/MATLAB Drive/pcg-vhd-matlab/data/scalograms/N/New_N_180.png,N
/MATLAB Drive/pcg-vhd-matlab/data/scalograms/N/New_N_150.png,N
/MATLAB Drive/pcg-vhd-matlab/data/scalograms/N/New_N_151.png,N
/MATLAB Drive/pcg-vhd-matlab/data/scalograms/N/New_N_162.png,N
/MATLAB Drive/pcg-vhd-matlab/data/scalograms/N/New_N_004.png,N
/MATLAB Drive/pcg-vhd-matlab/data/scalograms/N/New_N_113.png,N
/MATLAB Drive/pcg-vhd-matlab/data/scalograms/N/New_N_040.png,N
/MATLAB Drive/pcg-vhd-matlab/data/scalograms/N/New_N_129.png,N
/MATLAB Drive/pcg-vhd-matlab/data/scalograms/N/New_N_073.png,N
/MATLAB Drive/pcg-vhd-matlab/data/scalograms/N/New_N_143.png,N
/MATLAB Drive/pcg-vhd-matlab/data/scalograms/N/New_N_087.png,N
/MATLAB Drive/pcg-vhd-matlab/data/scalograms/N/New_N_078.png,N
/MATLAB Drive/pcg-vhd-matlab/data/scalograms/N/New_N_042.png,N
/MATLAB Drive/pcg-vhd-matlab/data/scalograms/N/New_N_171.png,N
/MATLAB Drive/pcg-vhd-matlab/data/scalograms/N/New_N_152.png,N
/MATLAB Drive/pcg-vhd-matlab/data/scalograms/N/New_N_095.png,N
/MATLAB Drive/pcg-vhd-matlab/data/scalograms/N/New_N_082.png,N
/MATLAB Drive/pcg-vhd-matlab/data/scalograms/N/New_N_187.png,N
